Date,AAPL,BRK-B,GLD,SPY,TSLA
2023-11-08 00:00:00,181.1159668,346.2999878,180.7700043,426.2341919,222.1100006
2023-11-09 00:00:00,180.6406403,348.1799927,181.4900055,422.9100952,209.9799957
2023-11-10 00:00:00,184.8351288,350.5599976,179.5099945,429.5095215,214.6499939
2023-11-13 00:00:00,183.2485657,350.0100098,180.5099945,429.1001892,223.7100067
2023-11-14 00:00:00,185.8664093,354.25,182.1199951,437.4250488,237.4100037
2023-11-15 00:00:00,186.4315948,356.7900085,181.6399994,438.3510437,242.8399963
2023-11-16 00:00:00,188.1173553,359.8599854,183.6900024,438.8871765,233.5899963
2023-11-17 00:00:00,188.0974884,358.9299927,183.6699982,439.4331055,234.3000031
2023-11-20 00:00:00,189.8427277,361.3299866,183.3699951,442.8156738,235.6000061
2023-11-21 00:00:00,189.0395203,361,185.3500061,441.8505859,241.1999969
2023-11-22 00:00:00,189.7039185,361.7999878,184.5599976,443.5565186,234.2100067
2023-11-24 00:00:00,188.3751678,362.6799927,185.5200043,443.8293762,235.4499969
2023-11-27 00:00:00,188.1966705,361.3399963,186.7700043,443.0301208,236.0800018
2023-11-28 00:00:00,188.8015289,360.0499878,189.2599945,443.46875,246.7200012
2023-11-29 00:00:00,187.7801971,358.6900024,189.5399933,443.1568298,244.1399994
2023-11-30 00:00:00,188.3553009,360,188.75,444.9017639,240.0800018
2023-12-01 00:00:00,189.634491,357.0700073,192.0099945,447.5337219,238.8300018
2023-12-04 00:00:00,187.8396759,356.6600037,187.8600006,445.1844482,235.5800018
2023-12-05 00:00:00,191.7962036,355.0299988,187.1499939,445.0967102,238.7200012
2023-12-06 00:00:00,190.7054443,352.3800049,187.8399963,443.3030701,239.3699951
2023-12-07 00:00:00,192.6390533,352.7000122,188.1499939,446.6856384,242.6399994
2023-12-08 00:00:00,194.0669861,353.0799866,185.6399994,448.6060486,243.8399963
2023-12-11 00:00:00,191.558197,357.0599976,183.5899963,450.3508606,239.7400055
2023-12-12 00:00:00,193.0753479,360.019989,183.4900055,452.4077454,237.0099945
2023-12-13 00:00:00,196.2980652,362.0299988,187.6300049,458.6465149,239.2899933
2023-12-14 00:00:00,196.4468231,358.1199951,188.7299957,460.1184998,251.0500031
2023-12-15 00:00:00,195.9113617,356.5,187,459.3608398,253.5
2023-12-18 00:00:00,194.2454529,359.6499939,187.8500061,461.9448242,252.0800018
2023-12-19 00:00:00,195.2866669,361.7999878,189.1300049,464.7539063,257.2200012
2023-12-20 00:00:00,193.1943665,355.3500061,188.1000061,458.3136902,247.1399994
2023-12-21 00:00:00,193.0456085,356.1400146,189.4299927,462.6593628,254.5
2023-12-22 00:00:00,191.9746857,356.4700012,190.2700043,463.5891724,252.5399933
2023-12-26 00:00:00,191.4292908,356.8299866,191.7200012,465.5466919,256.6099854
2023-12-27 00:00:00,191.5284424,356.9500122,192.5899963,466.3884583,261.4400024
2023-12-28 00:00:00,191.954834,357.5700073,191.4700012,466.5645447,253.1799927
2023-12-29 00:00:00,190.913681,356.6600037,191.1699982,465.2139282,248.4799957
2024-01-02 00:00:00,184.0815125,362.4599915,190.7200012,462.6104126,248.4199982
2024-01-03 00:00:00,182.7032013,366.75,189.1300049,458.8323669,238.4499969
2024-01-04 00:00:00,180.3828278,363.6799927,189.3200073,457.3544617,237.9299927
2024-01-05 00:00:00,179.6589661,365.5899963,189.3500061,457.980896,237.4900055
2024-01-08 00:00:00,184.002182,368.1799927,187.8699951,464.5190125,240.4499969
2024-01-09 00:00:00,183.5856934,366.8999939,187.9299927,463.8143005,234.9600067
2024-01-10 00:00:00,184.6268921,367.9200134,187.5,466.4373474,233.9400024
2024-01-11 00:00:00,184.0319214,363.3399963,187.8699951,466.2318115,227.2200012
2024-01-12 00:00:00,184.3591461,363.6199951,189.7100067,466.5547485,218.8899994
2024-01-16 00:00:00,182.0883789,361.1000061,187.9100037,464.8419495,219.9100037
2024-01-17 00:00:00,181.146347,359.2900085,185.8399963,462.2580261,215.5500031
2024-01-18 00:00:00,187.046402,362.3800049,187.3699951,466.3688354,211.8800049
2024-01-19 00:00:00,189.9518127,366.9899902,187.9299927,472.1826477,212.1900024
2024-01-22 00:00:00,192.2622375,368.0599976,187.2200012,473.1810303,208.8000031
2024-01-23 00:00:00,193.5413971,372.1400146,187.9499969,474.5610657,209.1399994
2024-01-24 00:00:00,192.8671265,376.5899963,186.3999939,475.0797729,207.8300018
2024-01-25 00:00:00,192.5398712,380.8500061,187.1399994,477.6636963,182.6300049
2024-01-26 00:00:00,190.8045807,385.3999939,187.0099945,477.0568848,183.25
2024-01-29 00:00:00,190.1203918,383.1799927,188.3300018,480.8348694,190.9299927
2024-01-30 00:00:00,186.4613647,387.1499939,188.5899963,480.4629822,191.5899963
2024-01-31 00:00:00,182.8518829,383.7399902,188.4499969,472.6231384,187.2899933
2024-02-01 00:00:00,185.2912445,386.4400024,190.4100037,478.8088684,188.8600006
2024-02-02 00:00:00,184.2897491,390.75,188.6100006,483.8494873,187.9100037
2024-02-05 00:00:00,186.1043854,390.7600098,187.5700073,482.087677,181.0599976
2024-02-06 00:00:00,187.7107849,393.7399902,188.5500031,483.4872742,185.1000061
2024-02-07 00:00:00,187.8198547,397.6600037,188.5,487.5198059,187.5800018
2024-02-08 00:00:00,186.7390137,397.4899902,188.3300018,487.7351074,189.5599976
2024-02-09 00:00:00,187.50354,398.3599854,187.6000061,490.5539856,193.5700073
2024-02-12 00:00:00,185.8156281,397.7099915,187.1100006,490.3386536,188.1300049
2024-02-13 00:00:00,183.7206726,394.7999878,184.5299988,483.5851746,184.0200043
2024-02-14 00:00:00,182.8370056,398.6799927,184.4199982,487.9798279,188.7100067
2024-02-15 00:00:00,182.5490723,403.4500122,185.6600037,491.3467407,200.4499969
2024-02-16 00:00:00,181.0101471,405.9899902,186.3399963,488.8998413,199.9499969
2024-02-20 00:00:00,180.2654877,407.1499939,187.4700012,486.208313,193.7599945
2024-02-21 00:00:00,181.0200653,409.25,187.4799957,486.6487427,194.7700043
2024-02-22 00:00:00,183.0554504,415.1600037,187.5599976,496.7201538,197.4100037
2024-02-23 00:00:00,181.2186432,417.2200012,188.6199951,497.0627136,191.9700012
2024-02-26 00:00:00,179.8683472,409.1400146,188.1999969,495.242218,199.3999939
2024-02-27 00:00:00,181.3278503,408.9100037,188,496.1622314,199.7299957
2024-02-28 00:00:00,180.1264954,412.1400146,188.3399963,495.5064697,202.0399933
2024-02-29 00:00:00,179.4612732,409.3999939,189.3099976,497.2877808,201.8800049
2024-03-01 00:00:00,178.3790436,407.1099854,192.8899994,501.9564819,202.6399994
2024-03-04 00:00:00,173.8515625,403.3900146,196.0099945,501.4181519,188.1399994
2024-03-05 00:00:00,168.9070435,400.7399902,197.1900024,496.4069824,180.7400055
2024-03-06 00:00:00,167.9141846,403.9599915,198.8099976,498.9223328,176.5399933
2024-03-07 00:00:00,167.7950287,402.3900146,199.9400024,503.8748169,178.6499939
2024-03-08 00:00:00,169.5127106,403.1499939,201.6300049,500.8504944,175.3399963
2024-03-11 00:00:00,171.5182953,404.7600098,202,500.4198608,177.7700043
2024-03-12 00:00:00,171.994873,404.980011,199.7899933,505.8030396,177.5399933
2024-03-13 00:00:00,169.9098511,408.1300049,201.1900024,505.0101929,169.4799957
2024-03-14 00:00:00,171.76651,406.730011,200.3500061,504.0119324,162.5
2024-03-15 00:00:00,171.3892212,408.1300049,199.7100067,500.5510559,163.5700073
2024-03-18 00:00:00,172.4813843,408.4100037,200.0299988,503.5259094,173.8000031
2024-03-19 00:00:00,174.8245392,411.7600098,199.8000031,506.3240662,171.3200073
2024-03-20 00:00:00,177.3960876,416.1099854,202.1799927,511.0071716,175.6600037
2024-03-21 00:00:00,170.1481323,413.7799988,201.9700012,512.6959229,172.8200073
2024-03-22 00:00:00,171.0516357,411.6000061,200.3500061,511.7239075,170.8300018
2024-03-25 00:00:00,169.6318512,409.9200134,200.9900055,510.3101501,172.6300049
2024-03-26 00:00:00,168.4999847,411.5700073,201.6399994,509.3676758,177.6699982
2024-03-27 00:00:00,172.0743103,416.9299927,203.1000061,513.6482544,179.8300018
2024-03-28 00:00:00,170.2573547,420.519989,205.7200012,513.5501099,175.7899933
2024-04-01 00:00:00,168.8177032,420.2000122,207.8200073,512.6566162,175.2200012
2024-04-02 00:00:00,167.6361847,418.9200134,210.8899994,509.3970947,166.6300049
2024-04-03 00:00:00,168.4403992,420.2399902,212.7400055,509.9566956,168.3800049
2024-04-04 00:00:00,167.616333,415.3200073,211.5200043,503.7321167,171.1100006
2024-04-05 00:00:00,168.3709106,418.6199951,215.1399994,508.9945679,164.8999939
2024-04-08 00:00:00,167.2489624,415.9700012,216.4799957,509.2792358,172.9799957
2024-04-09 00:00:00,168.4602661,414.6900024,217.6699982,509.8683777,176.8800049
2024-04-10 00:00:00,166.5837402,409.1099854,215.6100006,504.763031,171.7599945
2024-04-11 00:00:00,173.7919769,407.6099854,219.8000031,508.5723267,174.6000061
2024-04-12 00:00:00,175.2912292,403.2600098,216.8899994,501.5525208,171.0500031
2024-04-15 00:00:00,171.458725,400.2600098,220.9499969,495.2689514,161.4799957
2024-04-16 00:00:00,168.1723328,396.9200134,221.2200012,494.3657227,157.1100006
2024-04-17 00:00:00,166.8021851,397.7399902,219.5899963,491.4399414,155.4499969
2024-04-18 00:00:00,165.8490143,399.8900146,220.3399963,490.4286804,149.9299927
2024-04-19 00:00:00,163.8235779,405.0799866,221.0299988,486.1480713,147.0500031
2024-04-22 00:00:00,164.6575775,408.7799988,215.5700073,490.625061,142.0500031
2024-04-23 00:00:00,165.710022,408.7399902,215.0399933,496.4471436,144.6799927
2024-04-24 00:00:00,167.8148956,405.9500122,214.6399994,496.2115479,162.1300049
2024-04-25 00:00:00,168.6786957,404.9100037,215.9199982,494.3264465,170.1799927
2024-04-26 00:00:00,168.0928955,402.1000061,216.6199951,499.009613,168.2899933
2024-04-29 00:00:00,172.2629547,400.9599915,216.1799927,500.7768555,194.0500031
2024-04-30 00:00:00,169.1155548,396.730011,211.8699951,492.8439636,183.2799988
2024-05-01 00:00:00,168.0928955,398.5799866,213.7899933,491.2436218,179.9900055
2024-05-02 00:00:00,171.7963104,400.6000061,213.1300049,495.8384094,180.0099945
2024-05-03 00:00:00,182.0724945,400.8699951,212.9600067,501.9844971,181.1900024
2024-05-06 00:00:00,180.4144135,404.9200134,215.1999969,507.168335,184.7599945
2024-05-07 00:00:00,181.0995026,406.1400146,214.2100067,507.7280579,177.8099976
2024-05-08 00:00:00,181.437088,406.3699951,213.5800018,507.7771301,174.7200012
2024-05-09 00:00:00,183.2540283,408.8200073,216.9499969,510.7028198,171.9700012
2024-05-10 00:00:00,181.9913788,412.0499878,218.7100067,511.3606567,168.4700012
2024-05-13 00:00:00,185.2026978,411.2200012,216.2599945,511.4294128,171.8899994
2024-05-14 00:00:00,186.3460236,410.2399902,218.0899963,513.7758789,177.5500031
2024-05-15 00:00:00,188.6228027,412.7600098,220.8899994,520.1380005,173.9900055
2024-05-16 00:00:00,188.7420959,413.1199951,220.0299988,519.0678711,174.8399963
2024-05-17 00:00:00,188.7719116,416.9400024,223.6600037,519.8139038,177.4600067
2024-05-20 00:00:00,189.9351501,413,224.5599976,520.4128418,174.9499969
2024-05-21 00:00:00,191.2375946,414.3699951,224.2299957,521.689209,186.6000061
2024-05-22 00:00:00,189.7959595,413.9899902,220.1100006,520.1870728,180.1100006
2024-05-23 00:00:00,185.7992401,405.8800049,215.7200012,516.3875122,173.7400055
2024-05-24 00:00:00,188.8812866,407.4100037,215.9199982,519.8042603,179.2400055
2024-05-28 00:00:00,188.8912506,403.8999939,218.1900024,520.1674194,176.75
2024-05-29 00:00:00,189.1894989,404.0899963,216.1600037,516.5249023,176.1900024
2024-05-30 00:00:00,190.1837006,408.6099854,216.5700073,513.0984497,178.7899933
2024-05-31 00:00:00,191.1381531,414.3999939,215.3000031,517.7718506,178.0800018
2024-06-03 00:00:00,192.9078827,414.7900085,217.2200012,518.1940308,176.2899933
2024-06-04 00:00:00,193.2260132,409.5299988,215.2700043,518.7731934,174.7700043
2024-06-05 00:00:00,194.7372284,409.8500061,217.8200073,524.9389038,175
2024-06-06 00:00:00,193.3552856,411.0799866,219.4299927,524.9291382,177.9400024
2024-06-07 00:00:00,195.7513275,413.7200012,211.6000061,524.2910156,177.4799957
2024-06-10 00:00:00,192.0031433,410.8099976,213.5399933,525.9109497,173.7899933
2024-06-11 00:00:00,205.9519958,408.5,214.1499939,527.1775513,170.6600037
2024-06-12 00:00:00,211.8377533,408.769989,214.7200012,531.5072021,177.2899933
2024-06-13 00:00:00,213.0009766,405.9200134,212.9700012,532.5773315,182.4700012
2024-06-14 00:00:00,211.2611084,405.5400085,215.7299957,532.9013672,178.0099945
2024-06-17 00:00:00,215.4169464,407.3200073,214.6100006,537.1427002,187.4400024
2024-06-18 00:00:00,213.0507202,407.9500122,215.4700012,538.5074463,184.8600006
2024-06-20 00:00:00,208.4673462,409.1499939,218.1600037,537.0445557,181.5700073
2024-06-21 00:00:00,206.2900238,409.6199951,214.7799988,536.3245239,183.0099945
2024-06-24 00:00:00,206.9362793,413.980011,215.6300049,534.5811157,182.5800018
2024-06-25 00:00:00,207.8609009,410.9700012,214.5599976,536.6398315,187.3500061
2024-06-26 00:00:00,212.0167236,410.2600098,212.5800018,537.3095093,196.3699951
2024-06-27 00:00:00,212.8618011,407.9500122,214.9900055,538.1565552,197.4199982
2024-06-28 00:00:00,209.4019012,406.7999878,215.0099945,536.0389404,197.8800049
2024-07-01 00:00:00,215.4964752,405.1900024,215.5700073,537.1421509,209.8600006
2024-07-02 00:00:00,218.9961243,407.1000061,215.5599976,540.757019,231.2599945
2024-07-03 00:00:00,220.2687073,405.769989,217.9900055,543.1700439,246.3899994
2024-07-05 00:00:00,225.0310211,411.1700134,220.9299927,546.3023071,251.5200043
2024-07-08 00:00:00,226.5024719,409.0799866,218.1900024,546.9326782,252.9400024
2024-07-09 00:00:00,227.3574829,410.519989,218.5599976,547.4645996,262.3299866
2024-07-10 00:00:00,231.6325989,413.7900085,219.3600006,552.8818359,263.2600098
2024-07-11 00:00:00,226.2539063,418.7799988,223.25,548.114624,241.0299988
2024-07-12 00:00:00,229.2067108,424.4400024,223.1100006,551.5717773,248.2299957
2024-07-15 00:00:00,233.0444031,434.4200134,223.8300018,553.0886841,252.6399994
2024-07-16 00:00:00,233.4619904,438.8999939,228.2899933,556.3685913,256.5599976
2024-07-17 00:00:00,227.5563354,445.6099854,227.2299957,548.567749,248.5
2024-07-18 00:00:00,222.8834991,441.8200073,225.7799988,544.3519897,249.2299957
2024-07-19 00:00:00,223.0127563,434.4700012,221.7299957,540.7373047,239.1999969
2024-07-22 00:00:00,222.6647797,435.980011,221.8000031,546.3121338,251.5099945
2024-07-23 00:00:00,223.7087097,434.0100098,222.5800018,545.4552612,246.3800049
2024-07-24 00:00:00,217.2761078,432.7999878,221.8000031,533.093811,215.9900055
2024-07-25 00:00:00,216.232193,433.2900085,218.3300018,530.3162231,220.25
2024-07-26 00:00:00,216.6994781,437.6600037,220.6300049,536.2556152,219.8000031
2024-07-29 00:00:00,216.9778595,438.3099976,220.3200073,536.5708008,232.1000061
2024-07-30 00:00:00,217.5346222,441.2600098,222.5200043,533.8522949,222.6199951
2024-07-31 00:00:00,220.7956543,438.5,226.5500031,542.5299683,232.0700073
2024-08-01 00:00:00,217.097168,431.8099976,225.7700043,534.8471069,216.8600006
2024-08-02 00:00:00,218.5884857,428.3599854,225.3399963,524.8890991,207.6699982
2024-08-05 00:00:00,208.0597382,413.7200012,222.4799957,509.6024475,198.8800049
2024-08-06 00:00:00,206.0315247,422.1400146,220.6999969,514.3007202,200.6399994
2024-08-07 00:00:00,208.6065674,427.019989,220.5500031,510.8630981,191.7599945
2024-08-08 00:00:00,212.0763702,431.5400085,224.0099945,522.6728516,198.8399963
2024-08-09 00:00:00,214.9894409,431.6700134,224.5599976,524.9777222,200
2024-08-12 00:00:00,216.5222931,430.3900146,228.4100037,525.25354,197.4900055
2024-08-13 00:00:00,220.2449646,432.4100037,228.0599976,533.8916626,207.8300018
2024-08-14 00:00:00,220.6929016,438.4700012,226.1999969,535.5760498,201.3800049
2024-08-15 00:00:00,223.6790009,440.8399963,226.9100037,544.7559204,214.1399994
2024-08-16 00:00:00,225.0028381,444.5100098,231.9900055,545.9772339,216.1199951
2024-08-19 00:00:00,224.8435669,448.769989,231.6100006,551.1975708,222.7200012
2024-08-20 00:00:00,225.4606934,448.3599854,232.4600067,550.3012695,221.1000061
2024-08-21 00:00:00,225.3512115,446.6000061,232.1499939,552.1923828,223.2700043
2024-08-22 00:00:00,223.4898682,449.0299988,229.3699951,547.8585205,210.6600037
2024-08-23 00:00:00,225.7891693,453.3800049,232.0200043,553.6796875,220.3200073
2024-08-26 00:00:00,226.127594,454.4899902,232.7599945,552.3598633,213.2100067
2024-08-27 00:00:00,226.9736633,460.6300049,233.3899994,553.1182861,209.2100067
2024-08-28 00:00:00,225.4407959,464.5899963,231.75,549.9072266,205.75
2024-08-29 00:00:00,228.7254944,468.3699951,232.9499969,549.9564819,206.2799988
2024-08-30 00:00:00,227.9391785,475.9200134,231.2899933,555.2063599,214.1100006
2024-09-03 00:00:00,221.7380524,476.8299866,230.2899933,543.7807007,210.6000061
2024-09-04 00:00:00,219.8269043,478.5700073,230.4299927,542.6677856,219.4100037
2024-09-05 00:00:00,221.3498383,464.9200134,232.3500061,541.3479004,230.1699982
2024-09-06 00:00:00,219.7970734,459.4200134,230.6300049,532.2369385,210.7299957
2024-09-09 00:00:00,219.8866425,459.6099854,231.6000061,538.1959229,216.2700043
2024-09-10 00:00:00,219.0903473,458.9200134,232.6199951,540.5402832,226.1699982
2024-09-11 00:00:00,221.6285248,453.1000061,232.25,546.0855713,228.1300049
2024-09-12 00:00:00,221.7380524,450.8699951,236.3300018,550.6854248,229.8099976
2024-09-13 00:00:00,221.4692841,447.6099854,238.6799927,553.5614624,230.2899933
2024-09-16 00:00:00,215.3179169,451.7799988,238.6600037,554.3790283,226.7799988
2024-09-17 00:00:00,215.7857056,456.6799927,237.3399963,554.6056519,227.8699951
2024-09-18 00:00:00,219.6676636,456.6000061,235.5099945,552.9606934,227.1999969
2024-09-19 00:00:00,227.8097687,459.7099915,239.1699982,562.3966675,243.9199982
2024-09-20 00:00:00,227.1428528,455.3099976,242.2100067,561.4244385,238.25
2024-09-23 00:00:00,225.4208984,454.980011,242.6799927,562.8273926,250
2024-09-24 00:00:00,226.3167114,454.5599976,246.0700073,564.4378052,254.2700043
2024-09-25 00:00:00,225.3213348,452.3599854,245.7299957,563.1929932,257.019989
2024-09-26 00:00:00,226.4660339,454.1799927,246.9799957,565.4258423,254.2200012
2024-09-27 00:00:00,226.7347565,457.4700012,245.0200043,564.6057129,260.4599915
2024-09-30 00:00:00,231.9206543,460.2600098,243.0599976,566.8682251,261.6300049
2024-10-01 00:00:00,225.1620941,457.4100037,245.6100006,561.7900391,258.019989
2024-10-02 00:00:00,225.7294464,456.6700134,245.6600037,562.0270996,249.0200043
2024-10-03 00:00:00,224.624588,452.9599915,245.4900055,560.9996338,240.6600037
2024-10-04 00:00:00,225.7493439,461.9700012,245,566.0976563,250.0800018
2024-10-07 00:00:00,220.6630249,453.5,244.1699982,560.9798584,240.8300018
2024-10-08 00:00:00,224.7241364,453.7999878,242.3699951,566.2853394,244.5
2024-10-09 00:00:00,228.4766541,455.8999939,241.0500031,570.2077026,241.0500031
2024-10-10 00:00:00,227.9789734,454.9299927,242.8200073,569.2098389,238.7700043
2024-10-11 00:00:00,226.4958954,460.2099915,245.4700012,572.6183472,217.8000031
2024-10-14 00:00:00,230.2285156,459.980011,245.0700073,577.3014526,219.1600037
2024-10-15 00:00:00,232.7667084,462.6799927,245.9199982,572.815979,219.5700073
2024-10-16 00:00:00,230.7062683,465.6900024,247.1499939,575.3057251,221.3300018
2024-10-17 00:00:00,231.074585,465.8500061,248.6300049,575.3550415,220.8899994
2024-10-18 00:00:00,233.9113617,464.7999878,251.2700043,577.5682373,220.6999969
2024-10-21 00:00:00,235.384491,464.1600037,251.2200012,576.619751,218.8500061
2024-10-22 00:00:00,234.767395,461.4500122,253.9299927,576.3134766,217.9700012
2024-10-23 00:00:00,229.6909943,460.6099854,250.8699951,571.0474854,213.6499939
2024-10-24 00:00:00,229.5018921,457.769989,252.8000031,572.2824707,260.480011
2024-10-25 00:00:00,230.3380127,454.0100098,253.3200073,572.0848389,269.1900024
2024-10-28 00:00:00,232.3187714,458.4899902,253.3300018,573.8533936,262.5100098
2024-10-29 00:00:00,232.5875244,454.6199951,256.0899963,574.7821655,259.519989
2024-10-30 00:00:00,229.0340729,454.9599915,257.5,573.0432739,257.5499878
2024-10-31 00:00:00,224.8634796,450.9200134,253.5099945,561.8098145,249.8500061
2024-11-01 00:00:00,221.8773651,452.1400146,252.4700012,564.1809692,248.9799957
2024-11-04 00:00:00,220.9815369,442.2900085,252.8300018,562.9656982,242.8399963
2024-11-05 00:00:00,222.4148712,445.0599976,253.3999939,569.7729492,251.4400024
2024-11-06 00:00:00,221.6882477,468.8999939,245.6999969,583.9407349,288.5299988
2024-11-07 00:00:00,226.4262085,460.1300049,249.6499939,588.4558105,296.9100037
2024-11-08 00:00:00,226.1571655,463.4100037,247.9600067,591.0048218,321.2200012
2024-11-11 00:00:00,223.4368134,467.3599854,242.1399994,591.5679932,350
2024-11-12 00:00:00,223.4368134,466.2900085,240.0500031,589.7304077,328.4899902
2024-11-13 00:00:00,224.3236542,468.1000061,237.6300049,590.0168457,330.2399902
2024-11-14 00:00:00,227.4127197,467.7000122,237.0099945,586.2229614,311.1799927
2024-11-15 00:00:00,224.2041016,470.2799988,236.5899963,578.7142334,320.7200012
2024-11-18 00:00:00,227.2134247,472.2000122,241.0899963,581.0853882,338.7399902
2024-11-19 00:00:00,227.4724731,468.8599854,243.25,583.2095947,346
2024-11-20 00:00:00,228.1899567,468.8299866,244.6199951,583.4071655,342.0299988
2024-11-21 00:00:00,227.7116547,472.0599976,246.6600037,586.5391235,339.6400146
2024-11-22 00:00:00,229.0568542,476.5700073,249.8399963,588.3570557,352.5599976
2024-11-25 00:00:00,232.0462494,477.4299927,242.4799957,590.3528442,338.5899963
2024-11-26 00:00:00,234.2285156,478.5599976,242.9499969,593.4353027,338.230011
2024-11-27 00:00:00,234.0989532,483.0799866,243.4900055,591.637146,332.8900146
2024-11-29 00:00:00,236.4904938,483.019989,245.5899963,595.3125,345.1600037
2024-12-02 00:00:00,238.7424774,477.3299866,243.4400024,596.3795166,357.0899963
2024-12-03 00:00:00,241.7916565,470.1900024,243.9299927,596.6561279,351.4200134
2024-12-04 00:00:00,242.1503906,468.3200073,244.6699982,600.3610229,357.9299927
2024-12-05 00:00:00,242.1802826,470.5700073,242.8600006,599.3731079,369.4899902
2024-12-06 00:00:00,241.9809875,470.5,242.9499969,600.5092773,389.2200012
2024-12-09 00:00:00,245.8771515,463.8699951,245.3600006,597.4168701,389.7900085
2024-12-10 00:00:00,246.8935394,462.4899902,248.5899963,595.5595093,400.9899902
2024-12-11 00:00:00,245.6180878,461.3900146,250.9600067,600.1635132,424.769989
2024-12-12 00:00:00,247.0828705,458.6300049,247.2799988,597.071167,418.1000061
2024-12-13 00:00:00,247.2522888,457.8999939,244.2899933,596.9525146,436.230011
2024-12-16 00:00:00,250.1519623,455.2000122,244.8800049,599.5015259,463.019989
2024-12-17 00:00:00,252.5833435,455.6600037,243.9400024,597.0315552,479.8599854
2024-12-18 00:00:00,247.1725616,446.5899963,239.2599945,579.237915,440.1300049
2024-12-19 00:00:00,248.9063873,449.3399963,239.6000061,579.0600586,436.1700134
2024-12-20 00:00:00,253.5897675,453.2000122,242.1000061,586.0151367,421.0599976
2024-12-23 00:00:00,254.3670044,454.3500061,240.9600067,589.5244141,430.6000061
2024-12-24 00:00:00,257.2866821,458.6600037,241.4400024,596.0769043,462.2799988
2024-12-26 00:00:00,258.1037292,459.0799866,243.0700073,596.1166382,454.1300049
2024-12-27 00:00:00,254.6858673,456.5100098,241.3999939,589.8415527,431.6600037
2024-12-30 00:00:00,251.3078766,452.1600037,240.6300049,583.1105347,417.4100037
2024-12-31 00:00:00,249.5341797,453.2799988,242.1300049,580.9891357,403.8399963
2025-01-02 00:00:00,242.9874268,451.1000061,245.4199982,579.5616455,379.2799988
2025-01-03 00:00:00,242.4991608,453.5599976,243.4900055,586.8081665,410.4400024
2025-01-06 00:00:00,244.1333466,451.4100037,243.1900024,590.1885376,411.0499878
2025-01-07 00:00:00,241.3532104,452.9200134,244.5599976,583.5170288,394.3599854
2025-01-08 00:00:00,241.8414764,451.8399963,245.8600006,584.3695679,394.9400024
2025-01-10 00:00:00,236.0121918,442.6600037,248.2100067,575.4476929,394.7399902
2025-01-13 00:00:00,233.5708466,443.9100037,245.7400055,576.3399048,403.3099976
2025-01-14 00:00:00,232.4548035,450.0299988,247.0299988,577.1329346,396.3599854
2025-01-15 00:00:00,237.0285645,458.5100098,248.8800049,587.6309814,428.2200012
2025-01-16 00:00:00,227.4525604,462.8099976,250.6000061,586.5008545,413.8200073
2025-01-17 00:00:00,229.1664734,467.9500122,249.2700043,592.3892822,426.5
2025-01-21 00:00:00,221.8524323,468.5700073,253.1300049,597.8117065,424.0700073
2025-01-22 00:00:00,223.0382385,460.5100098,254.4299927,601.1723022,415.1099854
2025-01-23 00:00:00,222.8688354,459.8299866,254.0700073,604.4535522,412.3800049
2025-01-24 00:00:00,221.9919434,463.1900024,255.6499939,602.6889648,406.5799866
2025-01-27 00:00:00,229.0469055,474.7000122,252.9900055,594.1637573,397.1499939
2025-01-28 00:00:00,237.4171906,469.9700012,255.1799927,599.2689819,398.0899963
2025-01-29 00:00:00,238.5132904,469.2600098,254.1999969,596.5825195,389.1000061
2025-01-30 00:00:00,236.7495575,472.3500061,258.0499878,599.7844849,400.2799988
2025-01-31 00:00:00,235.1651917,468.6700134,258.5599976,596.5924683,404.6000061
2025-02-03 00:00:00,227.2034454,464.6099854,259.9400024,592.5776367,383.6799927
2025-02-04 00:00:00,231.9765167,467.4899902,262.5,596.5527954,392.2099915
2025-02-05 00:00:00,231.6476593,473.730011,264.1300049,598.9715576,378.1700134
2025-02-06 00:00:00,232.3950195,477.2200012,263.4299927,601.0533447,374.3200073
2025-02-07 00:00:00,226.8247986,472.7399902,263.8999939,595.5515747,361.6199951
2025-02-10 00:00:00,227.0941162,470.1700134,268.3699951,599.5960693,350.730011
2025-02-11 00:00:00,232.0519867,472.6099854,267.3900146,600.0521851,328.5
2025-02-12 00:00:00,236.2916107,471.730011,267.6700134,598.1190186,336.5100098
2025-02-13 00:00:00,240.9402313,480.4899902,270.3099976,604.4337158,355.9400024
2025-02-14 00:00:00,244.0027466,479.5899963,266.2900085,604.4039917,355.8399963
2025-02-18 00:00:00,243.8730621,482.8200073,270.7000122,606.1784058,354.1099854
2025-02-19 00:00:00,244.2720795,483.769989,270.8500061,607.605896,360.5599976
2025-02-20 00:00:00,245.2297516,481.7999878,270.9899902,605.078064,354.3999939
2025-02-21 00:00:00,244.9504242,478.7399902,270.7399902,594.7287598,337.7999878
2025-02-24 00:00:00,246.4966431,498.4200134,272.2099915,592.0224609,330.5299988
2025-02-25 00:00:00,246.4367828,499.8200073,268.6199951,589.0782471,302.7999878
2025-02-26 00:00:00,239.7731018,494.1000061,269.0299988,589.3756714,290.7999878
2025-02-27 00:00:00,236.7205658,502.4100037,264.9299927,579.9680786,281.9500122
2025-02-28 00:00:00,241.2494812,513.8300171,263.269989,589.0187988,292.980011
2025-03-03 00:00:00,237.4487762,510.0799866,266.7399902,578.6992188,284.6499939
2025-03-04 00:00:00,235.3539124,495.8599854,269.0599976,571.8492432,272.0400085
2025-03-05 00:00:00,235.1643829,498.5,269.6199951,577.9953613,279.1000061
2025-03-06 00:00:00,234.7553864,497.8399963,268.25,567.7353516,263.4500122
2025-03-07 00:00:00,238.4862518,495.6199951,268.3900146,570.9173584,262.6700134
2025-03-10 00:00:00,226.9245453,497.1000061,266.0400085,555.7106934,222.1499939
2025-03-11 00:00:00,220.3007507,496.25,269.1600037,551.0911255,230.5800018
2025-03-12 00:00:00,216.4501801,495.9400024,270.3299866,554.015564,248.0899963
2025-03-13 00:00:00,209.1679993,504.25,275.1300049,546.630188,240.6799927
2025-03-14 00:00:00,212.9687042,514.5999756,275.2399902,557.9212646,249.9799957
2025-03-17 00:00:00,213.4774628,523.0100098,276.730011,562.2236328,238.0099945
2025-03-18 00:00:00,212.1706696,523.1400146,279.9599915,556.1468506,225.3099976
2025-03-19 00:00:00,214.7144318,525.2700195,281.1099854,562.2037964,235.8600006
2025-03-20 00:00:00,213.5772247,528.7299805,280.75,560.5780029,236.2599945
2025-03-21 00:00:00,217.7370453,521.9099731,278.4899902,560.7629395,248.7100067
2025-03-24 00:00:00,220.1910248,525.8499756,277.25,570.8053589,278.3900146
2025-03-25 00:00:00,223.2036591,528.8699951,278.4700012,572.1774902,288.1400146
2025-03-26 00:00:00,220.9890747,533.210022,278.2399902,565.3466797,272.0599976
2025-03-27 00:00:00,223.303421,534.5200195,281.9700012,563.8452759,273.1300049
2025-03-28 00:00:00,217.3679352,526.3099976,284.0599976,552.4904175,263.5499878
2025-03-31 00:00:00,221.587616,532.5800171,288.1400146,556.1991577,259.1600037
2025-04-01 00:00:00,222.6450348,532.9899902,287.5700073,557.7700806,268.4599915
2025-04-02 00:00:00,223.3433228,537.7199707,288.1600037,561.2999268,282.7600098
2025-04-03 00:00:00,202.6938477,530.1599731,286.4200134,533.6385498,267.2799988
2025-04-04 00:00:00,187.9200287,493.5400085,279.7200012,502.3977966,239.4299927
2025-04-07 00:00:00,181.016922,490.3800049,273.7099915,501.5029297,233.2899933
2025-04-08 00:00:00,171.9989777,492.6400146,275.2000122,493.6480103,221.8600006
2025-04-09 00:00:00,198.3644562,521.4099731,285.3800049,545.4906006,272.2000122
2025-04-10 00:00:00,189.9550323,515.8099976,292.3500061,521.5877075,252.3999939
2025-04-11 00:00:00,197.666153,524.1099854,297.9299927,530.8942871,252.3099976
2025-04-14 00:00:00,202.0254974,529.5200195,296.230011,536.0447388,252.3500061
2025-04-15 00:00:00,201.6464081,528.1699829,297.7799988,534.543335,254.1100006
2025-04-16 00:00:00,193.795639,516.4500122,307.4700012,522.661499,241.5500031
2025-04-17 00:00:00,196.4990234,518.210022,306.1199951,523.4072266,241.3699951
2025-04-21 00:00:00,192.6883545,506.9200134,315.5899963,510.9487305,227.5
2025-04-22 00:00:00,199.2522888,520.789978,311.1099854,524.2424927,237.9700012
2025-04-23 00:00:00,204.1004181,526.8099976,303.6499939,532.3658447,250.7400055
2025-04-24 00:00:00,207.8612061,531.6400146,308.0700073,543.5715942,259.5100098
2025-04-25 00:00:00,208.7689819,530.960022,304.730011,547.4990845,284.9500122
2025-04-28 00:00:00,209.6268921,530.9400024,309.0700073,547.7078247,285.8800049
2025-04-29 00:00:00,210.6942902,534.5700073,306.0599976,551.1580811,292.0299988
2025-04-30 00:00:00,211.9811249,533.25,303.769989,551.3768311,282.1600037
2025-05-01 00:00:00,212.7991333,530.2299805,297.4599915,555.2843628,280.519989
2025-05-02 00:00:00,204.848587,539.7999878,297.980011,563.5270996,287.2099915
2025-05-05 00:00:00,198.4043579,512.1500244,306.8800049,560.2955933,280.2600098
2025-05-06 00:00:00,198.0252838,512.3300171,315.480011,555.6124878,275.3500061
2025-05-07 00:00:00,195.7707977,518.2199707,310.75,557.9490967,276.2200012
2025-05-08 00:00:00,197.007782,513.25,304.6300049,561.836792,284.8200073
2025-05-09 00:00:00,198.0452423,513.7399902,306.8399963,561.1209106,298.2600098
2025-05-12 00:00:00,210.5510406,514.2999878,298.1900024,579.6645508,318.3800049
2025-05-13 00:00:00,212.6886139,511.8800049,299.4599915,583.4926147,334.0700073
2025-05-14 00:00:00,212.0892944,503.3999939,293.1600037,584.2383423,347.6799927
2025-05-15 00:00:00,211.2102966,507.3299866,297.8399963,587.0919189,342.8200073
2025-05-16 00:00:00,211.0205078,514.3099976,294.2399902,590.8105469,349.980011
2025-05-19 00:00:00,208.5433197,512.3900146,298.0299988,591.4568481,342.0899963
2025-05-20 00:00:00,206.6255035,508.7399902,303.5799866,589.4682617,343.8200073
2025-05-21 00:00:00,201.8609009,507.0299988,305.8200073,579.5352783,334.6199951
2025-05-22 00:00:00,201.1317291,503.5700073,303.1099854,579.7639771,341.0400085
2025-05-23 00:00:00,195.048645,503.4599915,309.75,575.8066406,339.3399963
2025-05-27 00:00:00,199.9830475,509.1600037,304.5,587.7780151,362.8900146
2025-05-28 00:00:00,200.1927948,503.1099854,303.8099976,584.3775024,356.8999939
2025-05-29 00:00:00,199.7233276,506.1799927,305.6099854,586.6842651,358.4299927
2025-05-30 00:00:00,200.6223145,503.9599915,303.6000061,586.0280762,346.4599915
2025-06-02 00:00:00,201.471344,502.8099976,311.6700134,589.3291016,342.6900024
2025-06-03 00:00:00,203.039566,497.8299866,308.9100037,592.6898193,344.269989
2025-06-04 00:00:00,202.5900879,491,310.8999939,592.5307007,332.0499878
2025-06-05 00:00:00,200.4025726,488.7399902,309.3299866,589.6671143,284.7000122
2025-06-06 00:00:00,203.6888275,493.5299988,305.1799927,595.7224121,295.1400146
2025-06-09 00:00:00,201.2216339,493.3299866,306.6199951,596.2593384,308.5799866
2025-06-10 00:00:00,202.4402466,491.1300049,306.7099915,599.6398926,326.0899963
2025-06-11 00:00:00,198.554657,488.1400146,308.3699951,597.9297485,326.4299927
2025-06-12 00:00:00,198.9741821,490.3399963,312.2000122,600.3060913,319.1099854
2025-06-13 00:00:00,196.2272949,487.5400085,316.2900085,593.5946045,325.3099976
2025-06-16 00:00:00,198.1950684,490.230011,311.7799988,599.2421875,329.1300049
2025-06-17 00:00:00,195.4182129,483.480011,311.9400024,594.1216431,316.3500061
2025-06-18 00:00:00,196.3571472,485.1400146,310.2600098,594.0321045,322.0499878
2025-06-20 00:00:00,200.7721405,484.8500061,310.1300049,592.6369629,322.1600037
2025-06-23 00:00:00,201.2715759,487.769989,311.0799866,598.4907227,348.6799927
2025-06-24 00:00:00,200.072937,493.480011,306.1900024,605.102417,340.4700012
2025-06-25 00:00:00,201.3315125,486.2099915,307.1199951,605.4414673,327.5499878
2025-06-26 00:00:00,200.7721405,485.0499878,306.7799988,610.1783447,325.7799988
2025-06-27 00:00:00,200.8520508,485.6799927,301.2200012,613.2098999,323.6300049
2025-06-30 00:00:00,204.9374084,485.769989,304.8299866,616.1417847,317.6600037
2025-07-01 00:00:00,207.5844116,489.6099854,307.5499878,615.9423828,300.7099915
2025-07-02 00:00:00,212.199173,480.480011,309.25,618.7346191,315.6499939
2025-07-03 00:00:00,213.3079224,485,307.1400146,623.611084,315.3500061
2025-07-07 00:00:00,209.7119904,478.0299988,307.3699951,618.9639893,293.9400024
2025-07-08 00:00:00,209.7719269,477.4700012,304.1600037,618.624939,297.8099976
2025-07-09 00:00:00,210.90065,478.9100037,305.519989,622.3345947,295.8800049
2025-07-10 00:00:00,212.1692047,478.269989,306.2000122,624.0897827,309.8699951
2025-07-11 00:00:00,210.9206238,475.8599854,309.1400146,621.895813,313.5100098
2025-07-14 00:00:00,208.3834991,476.3099976,308.0100098,623.0825195,316.8999939
2025-07-15 00:00:00,208.8729553,470.1300049,306.730011,620.4199219,310.7799988
2025-07-16 00:00:00,209.9217682,471.3099976,308.2600098,622.4941406,321.6700134
2025-07-17 00:00:00,209.7819214,473.3999939,307.5899963,626.3035889,319.4100037
2025-07-18 00:00:00,210.9405975,473.7999878,308.3900146,625.8449097,329.6499939
2025-07-21 00:00:00,212.2391205,474.4100037,313.1300049,627.0316162,328.4899902
2025-07-22 00:00:00,214.1569519,478.1300049,316.1000061,627.1213379,332.1099854
2025-07-23 00:00:00,213.9072266,482.6300049,312.1799927,632.456604,332.5599976
2025-07-24 00:00:00,213.5176697,480.6000061,310.269989,632.6659546,305.2999878
2025-07-25 00:00:00,213.6375427,484.0700073,307.3999939,635.338562,316.0599976
2025-07-28 00:00:00,213.8073578,481.7000122,305.4100037,635.1790161,325.5899963
2025-07-29 00:00:00,211.0305023,476.5599976,306.25,633.5036621,321.2000122
2025-07-30 00:00:00,208.8130188,476,300.9599915,632.7058716,319.0400085
2025-07-31 00:00:00,207.3347015,471.8800049,302.9599915,630.3324585,308.269989
2025-08-01 00:00:00,202.150589,472.8399963,309.1099854,620.0010376,302.6300049
2025-08-04 00:00:00,203.1194916,459.1099854,310.9100037,629.4249268,309.2600098
2025-08-05 00:00:00,202.6899567,464.1900024,311.1600037,626.2337646,308.7200012
2025-08-06 00:00:00,213.008255,468.9100037,310.5,631.0305176,319.9100037
2025-08-07 00:00:00,219.7805634,461.4700012,313.1199951,630.5019531,322.269989
2025-08-08 00:00:00,229.0900116,465.3999939,313.0499878,635.418335,329.6499939
2025-08-11 00:00:00,227.1799927,464.730011,308.5499878,634.1618042,339.0299988
2025-08-12 00:00:00,229.6499939,470.3900146,308.269989,640.913147,340.8399963
2025-08-13 00:00:00,233.3300018,477.3099976,309.2099915,643.1070557,339.3800049
2025-08-14 00:00:00,232.7799988,479.2200012,307.25,643.1668701,335.5799866
2025-08-15 00:00:00,231.5899963,477.2000122,307.4299927,641.6610718,330.5599976
2025-08-18 00:00:00,230.8899994,478.519989,306.9500122,641.5214233,335.1600037
2025-08-19 00:00:00,230.5599976,485.3099976,305.269989,638.0410767,329.3099976
2025-08-20 00:00:00,226.0099945,488.6799927,308.3599854,636.3457642,323.8999939
2025-08-21 00:00:00,224.8999939,488.5899963,307.2900085,633.7928467,320.1099854
2025-08-22 00:00:00,227.7599945,489,310.5799866,643.5258789,340.0100098
2025-08-25 00:00:00,227.1600037,486.1799927,309.8299866,640.6936646,346.6000061
2025-08-26 00:00:00,229.3099976,492.2099915,312.0799866,643.3762817,351.6700134
2025-08-27 00:00:00,230.4900055,495.7200012,312.7099915,644.8422241,349.6000061
2025-08-28 00:00:00,232.5599976,499.8599854,315.0299988,647.1258545,345.980011
2025-08-29 00:00:00,232.1399994,502.980011,318.0700073,643.2666016,333.8699951
2025-09-02 00:00:00,229.7200012,501.1400146,325.5899963,638.4998169,329.3599854
2025-09-03 00:00:00,238.4700012,501.4899902,328.1400146,641.9602051,334.0899963
2025-09-04 00:00:00,239.7799988,506.9100037,326.6900024,647.3253174,338.5299988
2025-09-05 00:00:00,239.6900024,499.769989,331.0499878,645.4505005,350.8399963
2025-09-08 00:00:00,237.8800049,493.7799988,334.8200073,647.0361328,346.3999939
2025-09-09 00:00:00,234.3500061,492.7200012,334.0599976,648.5319824,346.9700012
2025-09-10 00:00:00,226.7899933,490.0799866,335.2600098,650.4067993,347.7900085
2025-09-11 00:00:00,230.0299988,496.9100037,334.7600098,655.8118286,368.8099976
2025-09-12 00:00:00,234.0700073,493.7399902,335.4200134,655.5924072,395.9400024
2025-09-15 00:00:00,236.6999969,491.5400085,338.9100037,659.0827026,410.0400085
2025-09-16 00:00:00,238.1499939,490.9899902,339.5899963,658.1752319,421.6199951
2025-09-17 00:00:00,238.9900055,492.3299866,336.9700012,657.3575439,425.8599854
2025-09-18 00:00:00,237.8800049,490.5,335.6199951,660.4290161,416.8500061
2025-09-19 00:00:00,245.5,492.8500061,339.1799927,663.7000122,426.0700073
2025-09-22 00:00:00,256.0799866,493.7099915,345.0499878,666.8400269,434.2099915
2025-09-23 00:00:00,254.4299927,494.1000061,346.4599915,663.210022,425.8500061
2025-09-24 00:00:00,252.3099976,497.0899963,343.3200073,661.0999756,442.7900085
2025-09-25 00:00:00,256.8699951,494.9599915,344.75,658.0499878,423.3900146
2025-09-26 00:00:00,255.4600067,500.0299988,346.7399902,661.8200073,440.3999939
2025-09-29 00:00:00,254.4299927,499.25,352.4599915,663.6799927,443.2099915
2025-09-30 00:00:00,254.6300049,502.7399902,355.4700012,666.1799927,444.7200012
2025-10-01 00:00:00,255.4499969,498.2000122,356.0299988,668.4500122,459.4599915
2025-10-02 00:00:00,257.1300049,495.9200134,354.7900085,669.2199707,436
2025-10-03 00:00:00,258.019989,498.75,357.6400146,669.210022,429.8299866
2025-10-06 00:00:00,256.6900024,500.019989,364.3800049,671.6099854,453.25
2025-10-07 00:00:00,256.480011,502.2999878,366.2600098,669.1199951,433.0899963
2025-10-08 00:00:00,258.0599976,499.8399963,372.2999878,673.1099854,438.6900024
2025-10-09 00:00:00,254.0399933,496.7399902,365.4299927,671.1599731,435.5400085
2025-10-10 00:00:00,245.2700043,489.1300049,369.1199951,653.0200195,413.4899902
2025-10-13 00:00:00,247.6600037,491.9299927,378.0899963,663.039978,435.8999939
2025-10-14 00:00:00,247.7700043,495.9700012,380.7900085,662.2299805,429.2399902
2025-10-15 00:00:00,249.3399963,496.3900146,387.3900146,665.1699829,435.1499939
2025-10-16 00:00:00,247.4499969,488.8099976,396.4500122,660.6400146,428.75
2025-10-17 00:00:00,252.2899933,492.4200134,388.9899902,664.3900146,439.3099976
2025-10-20 00:00:00,262.2399902,494.0799866,403.1499939,671.2999878,447.4299927
2025-10-21 00:00:00,262.769989,491.2900085,377.2399902,671.289978,442.6000061
2025-10-22 00:00:00,258.4500122,491.8099976,377.2799988,667.7999878,438.9700012
2025-10-23 00:00:00,259.5799866,490.1600037,378.7900085,671.7600098,448.980011
2025-10-24 00:00:00,262.8200073,492.1000061,377.519989,677.25,433.7200012
2025-10-27 00:00:00,268.8099976,488.0700073,367.0100098,685.2399902,452.4200134
2025-10-28 00:00:00,269,481.4400024,364.3800049,687.0599976,460.5499878
2025-10-29 00:00:00,269.7000122,475.7600098,363,687.3900146,461.5100098
2025-10-30 00:00:00,271.3999939,478.519989,370.1300049,679.8300171,440.1000061
2025-10-31 00:00:00,270.3699951,477.5400085,368.1199951,682.0599976,456.5599976
2025-11-03 00:00:00,269.0499878,475.6799927,368.7799988,683.3400269,468.3699951
2025-11-04 00:00:00,270.0400085,487.6600037,362.3200073,675.2399902,444.2600098
2025-11-07 00:00:00,268.4700012,499.605011,368.2900085,670.875,429.519989
